{
  "auth.config.ts": 1773411462.9022849,
  "next-env.d.ts": 1773276462.783793,
  "auth.ts": 1773273604.274903,
  "next.config.ts": 1773276366.873715,
  "types/next-auth.d.ts": 1773273334.967267,
  "app/layout.tsx": 1773326788.4297824,
  "app/page.tsx": 1773500486.2320018,
  "app/setup/page.tsx": 1773276972.8711405,
  "app/dashboard/page.tsx": 1773276903.872063,
  "app/api/video/route.ts": 1773327095.7280407,
  "app/api/auth/[...nextauth]/route.ts": 1773273417.618881,
  "app/api/setup/route.ts": 1773273931.8989923,
  "app/api/upload/route.ts": 1773327088.979738,
  "app/modules/[slug]/page.tsx": 1773327127.9287202,
  "app/login/page.tsx": 1773500486.896921,
  "components/Navbar.tsx": 1773274473.076548,
  "components/ModuleCard.tsx": 1773275276.5811844,
  "components/ServiceWorkerRegistration.tsx": 1773326779.333877,
  "components/BottomNav.tsx": 1773276924.0790768,
  "components/NotionCard.tsx": 1773276888.6810331,
  "components/AppHeader.tsx": 1773277825.6457605,
  "components/ModuleDocumentZone.tsx": 1773327107.505802,
  "components/ModuleVideoZone.tsx": 1773326306.6945415,
  "public/sw.js": 1773326778.0394118,
  "scripts/add-user.ts": 1773273924.1158235,
  "lib/modules.ts": 1773276387.4321377,
  "lib/users.ts": 1773273342.3517754,
  "README.md": 1773327514.074452,
  "public/documents/module-5/Guide_Gestion_de_la_Faim_Emotionnelle_PDF_COMPRESSE.pdf": 1773325956.5503175,
  "public/documents/module-4/Fiche__quivalence_alimentaires.pdf_Compress_.pdf": 1773325940.5289228,
  "public/documents/module-6/Guide_Gestion_des_restaurants_.pdf_COMPRESS_.pdf": 1773325974.6082308,
  "public/documents/module-1/Guide_de_demarrage.pdf": 1773325786.7078927,
  "public/documents/module-1/Guide_de_d_marrage.pdf_COMPRESS_.pdf": 1773325699.7650542,
  "public/file.svg": 1773273158.7868748,
  "public/banner.png": 1773275242.928756,
  "public/vercel.svg": 1773273158.7874582,
  "public/next.svg": 1773273158.7873366,
  "public/logo.jpeg": 1773275847.4118736,
  "public/globe.svg": 1773273158.787442,
  "public/window.svg": 1773273158.787409
}